Workbook
Name Convertible: #REF!
Name Discount2008: [1]!Table1[[#All],[Discount 2008]]
Name Discount2009: [1]!Table1[[#All],[Discount 2009]]
Name SUPPLIER_NAME: #REF!
Name SUPPLIER_NAME: #REF!
Name SUPPLIER_NAME: #REF!
Name SUPPLIER_NAME: [2]!Table3[[#All],[NameLast]]
Name SUPPLIER_NAME: #REF!
Name SupplierOrder: [1]!SupplierRank[#Data]
Name Year_2017: #REF!

Sheet Survey Results
A1: Weekly Student Survey
A3: Question: | B3: Will you continue and introduce your friends to the courses we teach?
A5: Answer choices: | B5: Yes, definitely! | D5: Response time | E5: Answer | F5: First Letter
B6: Yes, probably
B7: Maybe
B8: No, probably not
B9: No, definitely not
A11: Number of responses | B11: Response group
B12: Yes (definitely or probably)
B13: Maybe
B14: No (definitely or probably)

Sheet Summary
A1: Exam | B1: January | C1: February | D1: March | E1: April | F1: May | G1: June | H1: July | I1: August | J1: September | K1: October | L1: November | M1: December | N1: Total
A2: IC3 | B2: 3929 | C2: 5098 | D2: 2928 | E2: 6128 | F2: 2785 | G2: 7063 | H2: 2547 | I2: 5546 | J2: 3188 | K2: 4488 | L2: 5566 | M2: 5211 | N2: =SUM(Table510[[#This Row],[January]:[December]]) -> 54477
A3: IELTS | B3: 5877 | C3: 3846 | D3: 4471 | E3: 4476 | F3: 1861 | G3: 4829 | H3: 6747 | I3: 3078 | J3: 5955 | K3: 5048 | L3: 4156 | M3: 3227 | N3: =SUM(Table510[[#This Row],[January]:[December]]) -> 53571
A4: MOS | B4: 3270 | C4: 5465 | D4: 3811 | E4: 3258 | F4: 4092 | G4: 3671 | H4: 6105 | I4: 4773 | J4: 3420 | K4: 1930 | L4: 6539 | M4: 6290 | N4: =SUM(Table510[[#This Row],[January]:[December]]) -> 52624
A5: TOEIC | B5: 5222 | C5: 3966 | D5: 3323 | E5: 4727 | F5: 4672 | G5: 6204 | H5: 4884 | I5: 4281 | J5: 5654 | K5: 4124 | L5: 3347 | M5: 5706 | N5: =SUM(Table510[[#This Row],[January]:[December]]) -> 56110
A6: Total | B6: =SUBTOTAL(109,Table510[January]) -> 18298 | C6: =SUBTOTAL(109,Table510[February]) -> 18375 | D6: =SUBTOTAL(109,Table510[March]) -> 14533 | E6: =SUBTOTAL(109,Table510[April]) -> 18589 | F6: =SUBTOTAL(109,Table510[May]) -> 13410 | G6: =SUBTOTAL(109,Table510[June]) -> 21767 | H6: =SUBTOTAL(109,Table510[July]) -> 20283 | I6: =SUBTOTAL(109,Table510[August]) -> 17678 | J6: =SUBTOTAL(109,Table510[September]) -> 18217 | K6: =SUBTOTAL(109,Table510[October]) -> 15590 | L6: =SUBTOTAL(109,Table510[November]) -> 19608 | M6: =SUBTOTAL(109,Table510[December]) -> 20434 | N6: =SUBTOTAL(109,Table510[Total]) -> 216782

Sheet Q1 Sales
A1: Exam | B1: January | C1: February | D1: March | E1: Total | F1: Bonus
A2: IC3 | B2: 4608 | C2: 2709 | D2: 2513 | E2: =SUM(Q1_Sales[[#This Row],[January]:[March]]) -> 9830
A3: IELTS | B3: 3497 | C3: 4090 | D3: 4943 | E3: =SUM(Q1_Sales[[#This Row],[January]:[March]]) -> 12530
A4: MOS | B4: 2806 | C4: 3733 | D4: 2625 | E4: =SUM(Q1_Sales[[#This Row],[January]:[March]]) -> 9164
A5: TOEIC | B5: 4331 | C5: 3951 | D5: 4193 | E5: =SUM(Q1_Sales[[#This Row],[January]:[March]]) -> 12475

Sheet Q2 Sales
A1: List of MOS Exam
A2: Test Site | B2: April | C2: May | D2: June | E2: Total | F2: Growth Trend
A3: Nguyen Tat Thanh University | B3: 6128 | C3: 2785 | D3: 7063 | E3: =SUM('Q2 Sales'!$B3:$D3) -> 15976
A4: Hoa Sen University | B4: 4476 | C4: 1861 | D4: 4829 | E4: =SUM('Q2 Sales'!$B4:$D4) -> 11166
A5: Ton Duc Thang University | B5: 3258 | C5: 4092 | D5: 3671 | E5: =SUM('Q2 Sales'!$B5:$D5) -> 11021
A6: Hong Bang University | B6: 4727 | C6: 4672 | D6: 6204 | E6: =SUM('Q2 Sales'!$B6:$D6) -> 15603

Sheet Q3 Sales
C7: Exam | D7: July | E7: August | F7: September | G7: Total | H7: Growth Trend
C8: IC3 | D8: 2547 | E8: 5546 | F8: 3188 | G8: =SUM('Q3 Sales'!$D8:$F8) -> 11281
C9: IELTS | D9: 6747 | E9: 3078 | F9: 5955 | G9: =SUM('Q3 Sales'!$D9:$F9) -> 15780
C10: MOS | D10: 6105 | E10: 4773 | F10: 3420 | G10: =SUM('Q3 Sales'!$D10:$F10) -> 14298
C11: TOEIC | D11: 4884 | E11: 4281 | F11: 5654 | G11: =SUM('Q3 Sales'!$D11:$F11) -> 14819

Sheet Q4 Sales
M1: Tax (Percent)
M2: 0.068
C7: Exam | D7: October | E7: November | F7: December | G7: Total | H7: Tax
C8: IC3 | D8: 4488 | E8: 5566 | F8: 5211 | G8: =SUM('Q4 Sales'!$D8:$F8) -> 15265
C9: IELTS | D9: 5048 | E9: 4156 | F9: 3227 | G9: =SUM('Q4 Sales'!$D9:$F9) -> 12431
C10: MOS | D10: 1930 | E10: 6539 | F10: 6290 | G10: =SUM('Q4 Sales'!$D10:$F10) -> 14759
C11: TOEIC | D11: 4124 | E11: 3347 | F11: 5706 | G11: =SUM('Q4 Sales'!$D11:$F11) -> 13177

Sheet Lecturers
A1: Lecturers
A2: Fan page: https://www.facebook.com/hocict.edu.vn
A3: Website: http://www.hocict.edu.vn
A4: Email: mos@hocict.edu.vn
A5: HOCICT Official Channel
